<keymap version="1" name="IntelliJ IDEA Classic copy" parent="Mac OS X">
  <action id="Back">
    <mouse-shortcut keystroke="button4" />
    <keyboard-shortcut first-keystroke="meta open_bracket" />
  </action>
  <action id="EditorCodeBlockEnd" />
  <action id="EditorCodeBlockStart" />
  <action id="Forward">
    <mouse-shortcut keystroke="button5" />
    <keyboard-shortcut first-keystroke="meta close_bracket" />
  </action>
  <action id="GithubCopyPathProvider">
    <keyboard-shortcut first-keystroke="shift meta g" />
  </action>
  <action id="Uml.ExpandNodes" />
</keymap>