<keymap version="1" name="IntelliJ IDEA Classic copy" parent="Mac OS X">
  <action id="Annotate">
    <keyboard-shortcut first-keystroke="shift meta b" />
  </action>
  <action id="Back">
    <mouse-shortcut keystroke="button4" />
    <keyboard-shortcut first-keystroke="meta open_bracket" />
  </action>
  <action id="CommentByLineComment">
    <keyboard-shortcut first-keystroke="meta divide" />
  </action>
  <action id="EditorCodeBlockEnd" />
  <action id="EditorCodeBlockStart" />
  <action id="FileChooser.GoToRoot" />
  <action id="Forward">
    <mouse-shortcut keystroke="button5" />
    <keyboard-shortcut first-keystroke="meta close_bracket" />
  </action>
  <action id="GitHub.Copy.Link">
    <keyboard-shortcut first-keystroke="shift meta g" />
  </action>
  <action id="HippieCompletion" />
  <action id="Images.Editor.ActualSize">
    <keyboard-shortcut first-keystroke="meta divide" />
  </action>
  <action id="Scala.RenameJavaToScala" />
  <action id="Scala.ShowImplicits">
    <keyboard-shortcut first-keystroke="shift ctrl alt equals" />
    <keyboard-shortcut first-keystroke="shift ctrl alt add" />
  </action>
  <action id="Uml.ExpandNodes" />
  <action id="copilot.disposeInlays" />
  <action id="copilot.requestCompletions">
    <keyboard-shortcut first-keystroke="alt slash" />
  </action>
</keymap>