<application>
  <component name="VimEditorSettings">
    <editor>
      <key-repeat enabled="true" />
    </editor>
  </component>
  <component name="VimHistorySettings">
    <history>
      <history-search>
        <entry>main(</entry>
        <entry>main</entry>
        <entry>compilejava</entry>
        <entry>compile</entry>
        <entry>prop</entry>
      </history-search>
      <history-cmd>
        <entry>set paste</entry>
        <entry>vsplit</entry>
        <entry>verbose set iskeyword?</entry>
        <entry>set iskeyword+=.</entry>
        <entry>source ~/.ideavimrc</entry>
        <entry>q</entry>
        <entry>noh</entry>
        <entry>w</entry>
      </history-cmd>
      <history-expr />
      <history-input />
    </history>
  </component>
  <component name="VimKeySettings">
    <shortcut-conflicts>
      <shortcut-conflict owner="ide">
        <text>ctrl pressed N</text>
      </shortcut-conflict>
      <shortcut-conflict owner="vim">
        <text>ctrl pressed O</text>
      </shortcut-conflict>
      <shortcut-conflict owner="ide">
        <text>ctrl pressed J</text>
      </shortcut-conflict>
    </shortcut-conflicts>
  </component>
  <component name="VimMarksSettings">
    <globalmarks />
    <filemarks>
      <file name="$USER_HOME$/projects/kinsta/kinsta-api/src/main/java/com/kraphael/kinsta_api/models/User.java" timestamp="1587500726838">
        <mark key="[" line="34" column="0" />
        <mark key="]" line="34" column="17" />
        <mark key="^" line="14" column="17" />
        <mark key="." line="34" column="0" />
      </file>
      <file name="$USER_HOME$/projects/kinsta/kinsta-api/src/main/java/com/kraphael/kinsta_api/resources/FeedResource.java" timestamp="1587744855234">
        <mark key="[" line="23" column="61" />
        <mark key="]" line="23" column="71" />
        <mark key="." line="23" column="70" />
        <mark key="^" line="23" column="71" />
      </file>
      <file name="$USER_HOME$/projects/kinsta/kinsta-api/src/main/java/com/kraphael/kinsta_api/resources/CommentResource.java" timestamp="1588625062707">
        <mark key="[" line="23" column="0" />
        <mark key="]" line="23" column="0" />
        <mark key="." line="23" column="0" />
      </file>
      <file name="/a.dummy" timestamp="1587655125156">
        <mark key="[" line="0" column="0" />
      </file>
      <file name="$USER_HOME$/projects/kinsta/kinsta-api/src/main/java/com/kraphael/kinsta_api/models/Comment.java" timestamp="1588014212284">
        <mark key="[" line="15" column="0" />
        <mark key="]" line="15" column="17" />
        <mark key="^" line="15" column="25" />
        <mark key="." line="15" column="0" />
      </file>
      <file name="$USER_HOME$/projects/kinsta/kinsta-api/pom.xml" timestamp="1587487611390">
        <mark key="[" line="63" column="0" />
        <mark key="]" line="63" column="8" />
        <mark key="^" line="63" column="20" />
        <mark key="." line="63" column="8" />
      </file>
      <file name="$USER_HOME$/projects/kinsta/pom.xml" timestamp="1587423574784">
        <mark key="[" line="9" column="35" />
        <mark key="]" line="10" column="3" />
        <mark key="." line="10" column="3" />
        <mark key="^" line="10" column="3" />
      </file>
      <file name="$USER_HOME$/projects/kinsta/kinsta-api/confs/dev.yml" timestamp="1587424260904">
        <mark key="[" line="0" column="0" />
        <mark key="]" line="0" column="0" />
        <mark key="^" line="0" column="0" />
        <mark key="." line="0" column="0" />
      </file>
      <file name="$USER_HOME$/projects/kinsta/kinsta-api/src/main/java/com/kraphael/kinsta_api/resources/PostResource.java" timestamp="1588625598384">
        <mark key="[" line="22" column="61" />
        <mark key="]" line="22" column="70" />
        <mark key="." line="22" column="69" />
        <mark key="^" line="22" column="70" />
      </file>
      <file name="$USER_HOME$/projects/kinsta/kinsta-api/src/main/java/com/kraphael/kinsta_api/KinstaApiConfiguration.java" timestamp="1587424089387">
        <mark key="[" line="17" column="0" />
        <mark key="]" line="17" column="17" />
        <mark key="^" line="12" column="16" />
        <mark key="." line="17" column="0" />
      </file>
      <file name="$USER_HOME$/projects/kinsta/kinsta-api/src/main/java/com/kraphael/kinsta_api/resources/UserResource.java" timestamp="1587745509558">
        <mark key="[" line="29" column="0" />
        <mark key="]" line="30" column="54" />
        <mark key="." line="30" column="53" />
        <mark key="^" line="30" column="54" />
      </file>
      <file name="$USER_HOME$/projects/kinsta/kinsta-api/src/main/java/com/kraphael/kinsta_api/resources/Feed.java" timestamp="1587655115727">
        <mark key="[" line="8" column="19" />
        <mark key="]" line="10" column="28" />
        <mark key="." line="10" column="27" />
        <mark key="^" line="10" column="28" />
      </file>
      <file name="$USER_HOME$/projects/kinsta/kinsta-api/src/main/java/com/kraphael/kinsta_api/resources/LikeResource.java" timestamp="1588625173545">
        <mark key="[" line="21" column="5" />
        <mark key="]" line="21" column="11" />
        <mark key="." line="21" column="10" />
        <mark key="^" line="21" column="11" />
      </file>
      <file name="$USER_HOME$/projects/kinsta/kinsta-api/src/main/java/com/kraphael/kinsta_api/models/Post.java" timestamp="1587500827455">
        <mark key="'" line="49" column="4" />
        <mark key="[" line="49" column="0" />
        <mark key="]" line="49" column="17" />
        <mark key="^" line="44" column="27" />
        <mark key="." line="49" column="0" />
      </file>
      <file name="$USER_HOME$/projects/kinsta/kinsta-api/src/main/java/com/kraphael/kinsta_api/health/ApiHealthCheck.java" timestamp="1587486860737">
        <mark key="[" line="7" column="47" />
        <mark key="]" line="8" column="32" />
        <mark key="^" line="8" column="32" />
        <mark key="." line="8" column="31" />
      </file>
      <file name="$USER_HOME$/projects/kinsta/kinsta-api/src/main/java/com/kraphael/kinsta_api/models/Like.java" timestamp="1587499333717">
        <mark key="[" line="16" column="0" />
        <mark key="]" line="16" column="17" />
        <mark key="^" line="11" column="17" />
        <mark key="." line="16" column="0" />
      </file>
      <file name="$USER_HOME$/projects/kinsta/kinsta-api/src/main/java/com/kraphael/kinsta_api/KinstaApiApplication.java" timestamp="1587486916991">
        <mark key="[" line="26" column="52" />
        <mark key="]" line="29" column="66" />
        <mark key="." line="29" column="65" />
        <mark key="^" line="29" column="66" />
      </file>
      <file name="$USER_HOME$/projects/kinsta/kinsta-api/src/main/java/com/kraphael/kinsta_api/KinstaApi.java" timestamp="1587423665545">
        <mark key="[" line="5" column="34" />
        <mark key="]" line="5" column="44" />
        <mark key="^" line="5" column="44" />
        <mark key="." line="5" column="44" />
      </file>
      <file name="/fragment.java" timestamp="1587492899746">
        <mark key="[" line="0" column="0" />
      </file>
      <file name="$USER_HOME$/projects/kinsta/kinsta-api/src/main/java/com/kraphael/kinsta_api/resources/ResponseBuilder.java" timestamp="1587496208488">
        <mark key="[" line="59" column="37" />
        <mark key="]" line="59" column="39" />
        <mark key="^" line="59" column="39" />
        <mark key="." line="59" column="38" />
      </file>
    </filemarks>
    <jumps>
      <jump line="38" column="6" filename="$USER_HOME$/src/palantir/foundry/gofigure.yml" />
      <jump line="0" column="0" filename="$USER_HOME$/src/palantir/foundry/gofigure.yml" />
      <jump line="249" column="8" filename="$USER_HOME$/src/palantir/foundry/gofigure.yml" />
      <jump line="158" column="19" filename="$USER_HOME$/src/palantir/foundry/foundry-catalog/src/main/java/com/palantir/foundry/catalog/FoundryCatalogServer.java" />
      <jump line="198" column="0" filename="$USER_HOME$/src/palantir/foundry/foundry-catalog/src/main/java/com/palantir/foundry/catalog/FoundryCatalogServer.java" />
      <jump line="57" column="0" filename="$USER_HOME$/src/palantir/foundry/foundry-catalog/src/main/java/com/palantir/foundry/catalog/FoundryCatalogServer.java" />
      <jump line="181" column="4" filename="$USER_HOME$/src/palantir/foundry/foundry-catalog/src/main/java/com/palantir/foundry/catalog/FoundryCatalogServer.java" />
      <jump line="167" column="0" filename="$USER_HOME$/src/palantir/foundry/foundry-catalog/src/main/java/com/palantir/foundry/catalog/FoundryCatalogServer.java" />
      <jump line="168" column="23" filename="$USER_HOME$/src/palantir/foundry/foundry-catalog/src/main/java/com/palantir/foundry/catalog/FoundryCatalogServer.java" />
      <jump line="119" column="4" filename="$USER_HOME$/src/palantir/foundry/build.gradle" />
      <jump line="83" column="8" filename="$USER_HOME$/src/palantir/foundry/build.gradle" />
      <jump line="84" column="8" filename="$USER_HOME$/src/palantir/foundry/build.gradle" />
      <jump line="87" column="23" filename="$USER_HOME$/src/palantir/foundry/build.gradle" />
      <jump line="38" column="35" filename="$USER_HOME$/projects/kinsta/kinsta-api/src/main/java/com/kraphael/kinsta_api/resources/ResponseBuilder.java" />
      <jump line="49" column="4" filename="$USER_HOME$/projects/kinsta/kinsta-api/src/main/java/com/kraphael/kinsta_api/models/Post.java" />
    </jumps>
  </component>
  <component name="VimRegisterSettings">
    <registers>
      <register name="&quot;" type="4">
        <text>POST</text>
      </register>
      <register name="-" type="4">
        <text>POST</text>
      </register>
      <register name="/" type="4">
        <text>prop</text>
      </register>
      <register name="0" type="2">
        <text encoding="base64">ICAgIEBQT1NUCiAgICBwdWJsaWMgUmVzcG9uc2UgbGlrZVBvc3QoQFF1ZXJ5UGFyYW0oInBvc3RJZCIpIEBOb3ROdWxsIGxvbmcgcG9zdElkLCBAUXVlcnlQYXJhbSgidXNlcklkIikgQE5vdE51bGwgbG9uZyB1c2VySWQpIHsKICAgIH0K</text>
      </register>
      <register name="1" type="2">
        <text encoding="base64">ICAgICAgICAK</text>
      </register>
      <register name="2" type="2">
        <text encoding="base64">ICAgICAgICAK</text>
      </register>
      <register name="3" type="2">
        <text encoding="base64">ICAgICAgICAK</text>
      </register>
      <register name="4" type="2">
        <text encoding="base64">ICAgICAgICAK</text>
      </register>
      <register name="5" type="2">
        <text encoding="base64">ICAgICAgICAK</text>
      </register>
      <register name="6" type="2">
        <text encoding="base64">ICAgIEBQYXRoKCJ7dXNlcklkfSIpCg==</text>
      </register>
      <register name="7" type="2">
        <text encoding="base64">ICAgIEAK</text>
      </register>
      <register name="8" type="2">
        <text encoding="base64">ICAgICAgICAK</text>
      </register>
      <register name="9" type="2">
        <text encoding="base64">ICAgICAqLwo=</text>
      </register>
      <register name=":" type="4">
        <text>w</text>
      </register>
    </registers>
  </component>
  <component name="VimSearchSettings">
    <search>
      <last-search>prop</last-search>
      <last-offset />
      <last-pattern>prop</last-pattern>
      <last-dir>1</last-dir>
      <show-last>false</show-last>
    </search>
  </component>
  <component name="VimSettings">
    <state version="6" enabled="true" />
    <notifications>
      <idea-join enabled="true" />
      <idea-put enabled="false" />
    </notifications>
  </component>
</application>