<profile version="1.0">
  <option name="myName" value="Default" />
  <inspection_tool class="PyPackageRequirementsInspection" enabled="true" level="WARNING" enabled_by_default="true">
    <option name="ignoredPackages">
      <value>
        <list size="106">
          <item index="0" class="java.lang.String" itemvalue="tzlocal" />
          <item index="1" class="java.lang.String" itemvalue="tabulate" />
          <item index="2" class="java.lang.String" itemvalue="unidecode" />
          <item index="3" class="java.lang.String" itemvalue="plaid-python" />
          <item index="4" class="java.lang.String" itemvalue="elasticsearch" />
          <item index="5" class="java.lang.String" itemvalue="Pygments" />
          <item index="6" class="java.lang.String" itemvalue="sentry-sdk" />
          <item index="7" class="java.lang.String" itemvalue="lxml" />
          <item index="8" class="java.lang.String" itemvalue="django-toolbelt" />
          <item index="9" class="java.lang.String" itemvalue="pycountry" />
          <item index="10" class="java.lang.String" itemvalue="xlrd" />
          <item index="11" class="java.lang.String" itemvalue="fuzzywuzzy" />
          <item index="12" class="java.lang.String" itemvalue="django-formtools" />
          <item index="13" class="java.lang.String" itemvalue="dj-database-url" />
          <item index="14" class="java.lang.String" itemvalue="django-oauth-toolkit" />
          <item index="15" class="java.lang.String" itemvalue="pylibmc" />
          <item index="16" class="java.lang.String" itemvalue="vobject" />
          <item index="17" class="java.lang.String" itemvalue="simplejson" />
          <item index="18" class="java.lang.String" itemvalue="boto3" />
          <item index="19" class="java.lang.String" itemvalue="paramiko" />
          <item index="20" class="java.lang.String" itemvalue="elasticsearch-dsl" />
          <item index="21" class="java.lang.String" itemvalue="twilio" />
          <item index="22" class="java.lang.String" itemvalue="django-haystack" />
          <item index="23" class="java.lang.String" itemvalue="msgpack" />
          <item index="24" class="java.lang.String" itemvalue="idna" />
          <item index="25" class="java.lang.String" itemvalue="schema" />
          <item index="26" class="java.lang.String" itemvalue="mixpanel" />
          <item index="27" class="java.lang.String" itemvalue="numpy" />
          <item index="28" class="java.lang.String" itemvalue="django-storages" />
          <item index="29" class="java.lang.String" itemvalue="requests" />
          <item index="30" class="java.lang.String" itemvalue="drf-yasg" />
          <item index="31" class="java.lang.String" itemvalue="django-user-sessions" />
          <item index="32" class="java.lang.String" itemvalue="XlsxWriter" />
          <item index="33" class="java.lang.String" itemvalue="celery" />
          <item index="34" class="java.lang.String" itemvalue="pyOpenSSL" />
          <item index="35" class="java.lang.String" itemvalue="apscheduler" />
          <item index="36" class="java.lang.String" itemvalue="tldextract" />
          <item index="37" class="java.lang.String" itemvalue="djangorestframework" />
          <item index="38" class="java.lang.String" itemvalue="django-cors-headers" />
          <item index="39" class="java.lang.String" itemvalue="cryptographic-fields" />
          <item index="40" class="java.lang.String" itemvalue="django-premailer" />
          <item index="41" class="java.lang.String" itemvalue="botocore" />
          <item index="42" class="java.lang.String" itemvalue="phonenumbers" />
          <item index="43" class="java.lang.String" itemvalue="amqp" />
          <item index="44" class="java.lang.String" itemvalue="django-mathfilters" />
          <item index="45" class="java.lang.String" itemvalue="lz4" />
          <item index="46" class="java.lang.String" itemvalue="python-memcached" />
          <item index="47" class="java.lang.String" itemvalue="pandas" />
          <item index="48" class="java.lang.String" itemvalue="hashids" />
          <item index="49" class="java.lang.String" itemvalue="google-api-python-client" />
          <item index="50" class="java.lang.String" itemvalue="pytz" />
          <item index="51" class="java.lang.String" itemvalue="Pillow" />
          <item index="52" class="java.lang.String" itemvalue="ujson" />
          <item index="53" class="java.lang.String" itemvalue="django-oauth2-provider" />
          <item index="54" class="java.lang.String" itemvalue="django-daterange-filter" />
          <item index="55" class="java.lang.String" itemvalue="stringcase" />
          <item index="56" class="java.lang.String" itemvalue="django-otp" />
          <item index="57" class="java.lang.String" itemvalue="emoji" />
          <item index="58" class="java.lang.String" itemvalue="python-dateutil" />
          <item index="59" class="java.lang.String" itemvalue="pynamodb" />
          <item index="60" class="java.lang.String" itemvalue="Collectfast" />
          <item index="61" class="java.lang.String" itemvalue="django-extensions" />
          <item index="62" class="java.lang.String" itemvalue="django-robots" />
          <item index="63" class="java.lang.String" itemvalue="premailer" />
          <item index="64" class="java.lang.String" itemvalue="python-json-logger" />
          <item index="65" class="java.lang.String" itemvalue="heroku3" />
          <item index="66" class="java.lang.String" itemvalue="cronitor" />
          <item index="67" class="java.lang.String" itemvalue="django-log-request-id" />
          <item index="68" class="java.lang.String" itemvalue="django-pylibmc" />
          <item index="69" class="java.lang.String" itemvalue="Markdown" />
          <item index="70" class="java.lang.String" itemvalue="static" />
          <item index="71" class="java.lang.String" itemvalue="boto" />
          <item index="72" class="java.lang.String" itemvalue="pyjwkest" />
          <item index="73" class="java.lang.String" itemvalue="analytics-python" />
          <item index="74" class="java.lang.String" itemvalue="django-appconf" />
          <item index="75" class="java.lang.String" itemvalue="dj-static" />
          <item index="76" class="java.lang.String" itemvalue="whitenoise" />
          <item index="77" class="java.lang.String" itemvalue="sendgrid" />
          <item index="78" class="java.lang.String" itemvalue="bcrypt" />
          <item index="79" class="java.lang.String" itemvalue="dropbox" />
          <item index="80" class="java.lang.String" itemvalue="channels" />
          <item index="81" class="java.lang.String" itemvalue="retrying" />
          <item index="82" class="java.lang.String" itemvalue="django-ratelimit" />
          <item index="83" class="java.lang.String" itemvalue="mock" />
          <item index="84" class="java.lang.String" itemvalue="django-static-sitemaps" />
          <item index="85" class="java.lang.String" itemvalue="oauth2client" />
          <item index="86" class="java.lang.String" itemvalue="firebase-admin" />
          <item index="87" class="java.lang.String" itemvalue="python-Levenshtein" />
          <item index="88" class="java.lang.String" itemvalue="django-bulk-update" />
          <item index="89" class="java.lang.String" itemvalue="jws" />
          <item index="90" class="java.lang.String" itemvalue="newrelic" />
          <item index="91" class="java.lang.String" itemvalue="django-form-utils" />
          <item index="92" class="java.lang.String" itemvalue="parameterized" />
          <item index="93" class="java.lang.String" itemvalue="xmltodict" />
          <item index="94" class="java.lang.String" itemvalue="django-redis-cache" />
          <item index="95" class="java.lang.String" itemvalue="urllib3" />
          <item index="96" class="java.lang.String" itemvalue="coverage" />
          <item index="97" class="java.lang.String" itemvalue="django-sslserver" />
          <item index="98" class="java.lang.String" itemvalue="weasyprint" />
          <item index="99" class="java.lang.String" itemvalue="transit-python" />
          <item index="100" class="java.lang.String" itemvalue="django-two-factor-auth" />
          <item index="101" class="java.lang.String" itemvalue="django-pipeline" />
          <item index="102" class="java.lang.String" itemvalue="channels-redis" />
          <item index="103" class="java.lang.String" itemvalue="colorama" />
          <item index="104" class="java.lang.String" itemvalue="jwcrypto" />
          <item index="105" class="java.lang.String" itemvalue="google-auth" />
        </list>
      </value>
    </option>
  </inspection_tool>
</profile>